[{"Title": "3M Natural View Anti-Glare Screen", "Price": "22,51 \u20ac", "Picture href:": "https://ordi.eu/media/catalog/product/cache/1/small_image/200x/9df78eab33525d08d6e5fb8d27136e95/A/L/AL-2343647.jpg"}, {"Title": "3M Privacy Filter for iPad Air 1/Air 2", "Price": "40,63 \u20ac", "Picture href:": "https://ordi.eu/media/catalog/product/cache/1/small_image/200x/9df78eab33525d08d6e5fb8d27136e95/A/L/AL-2634843.jpg"}, {"Title": "3M Privacy Filter for iPad Air 1/Air 2", "Price": "40,63 \u20ac", "Picture href:": "https://ordi.eu/media/catalog/product/cache/1/small_image/200x/9df78eab33525d08d6e5fb8d27136e95/A/L/AL-2531839.jpg"}, {"Title": "4WORLD 03359 4World Notebook security ca", "Price": "4,90 \u20ac", "Picture href:": "https://ordi.eu/media/catalog/product/cache/1/small_image/200x/9df78eab33525d08d6e5fb8d27136e95/placeholder/default/small_image.jpg"}, {"Title": "4WORLD 09132 4World Protective Case for", "Price": "7,06 \u20ac", "Picture href:": "https://ordi.eu/media/catalog/product/cache/1/small_image/200x/9df78eab33525d08d6e5fb8d27136e95/placeholder/default/small_image.jpg"}, {"Title": "4WORLD 09149 4World Protective Case/Stan", "Price": "11,52 \u20ac", "Picture href:": "https://ordi.eu/media/catalog/product/cache/1/small_image/200x/9df78eab33525d08d6e5fb8d27136e95/placeholder/default/small_image.jpg"}, {"Title": "Alcatel 3T 10 8088X (Prime Black) 10.0", "Price": "136,19 \u20ac", "Picture href:": "https://ordi.eu/media/catalog/product/cache/1/small_image/200x/9df78eab33525d08d6e5fb8d27136e95/placeholder/default/small_image.jpg"}, {"Title": "Allview AX503 7 \", Black, LCD, 1024 \u00d7 6", "Price": "52,58 \u20ac", "Picture href:": "https://ordi.eu/media/catalog/product/cache/1/small_image/200x/9df78eab33525d08d6e5fb8d27136e95/4/4/440x440_290.png"}, {"Title": "Allview Viva 1003G Lite 10.1 \", Black, I", "Price": "93,04 \u20ac", "Picture href:": "https://ordi.eu/media/catalog/product/cache/1/small_image/200x/9df78eab33525d08d6e5fb8d27136e95/4/4/440x440_471.png"}, {"Title": "Allview Viva 803G 8.0 \", Black, IPS LCD,", "Price": "79,55 \u20ac", "Picture href:": "https://ordi.eu/media/catalog/product/cache/1/small_image/200x/9df78eab33525d08d6e5fb8d27136e95/4/4/440x440_804.png"}, {"Title": "Allview VIVA C703 7 \", Black, Touch, 102", "Price": "40,31 \u20ac", "Picture href:": "https://ordi.eu/media/catalog/product/cache/1/small_image/200x/9df78eab33525d08d6e5fb8d27136e95/4/4/440x440_5791.png"}, {"Title": "Allview Viva H1003 LTE Pro 10.1 \", Black", "Price": "151,01 \u20ac", "Picture href:": "https://ordi.eu/media/catalog/product/cache/1/small_image/200x/9df78eab33525d08d6e5fb8d27136e95/placeholder/default/small_image.jpg"}, {"Title": "Allview Viva H1004 LTE 10.1 \", Black, IP", "Price": "133,48 \u20ac", "Picture href:": "https://ordi.eu/media/catalog/product/cache/1/small_image/200x/9df78eab33525d08d6e5fb8d27136e95/placeholder/default/small_image.jpg"}, {"Title": "Apple 4th Gen (2020) iPad Air + Cellular", "Price": "824,24 \u20ac", "Picture href:": "https://ordi.eu/media/catalog/product/cache/1/small_image/200x/9df78eab33525d08d6e5fb8d27136e95/placeholder/default/small_image.jpg"}, {"Title": "Apple 8th Gen (2020) iPad Wi-Fi 10.2 \", ", "Price": "502,36 \u20ac", "Picture href:": "https://ordi.eu/media/catalog/product/cache/1/small_image/200x/9df78eab33525d08d6e5fb8d27136e95/placeholder/default/small_image.jpg"}, {"Title": "Apple 8th Gen (2020) iPad Wi-Fi 10.2 \", ", "Price": "402,37 \u20ac", "Picture href:": "https://ordi.eu/media/catalog/product/cache/1/small_image/200x/9df78eab33525d08d6e5fb8d27136e95/placeholder/default/small_image.jpg"}, {"Title": "Apple IPad Pro 2020 11 \", Silver, Liquid", "Price": "1 020,97 \u20ac", "Picture href:": "https://ordi.eu/media/catalog/product/cache/1/small_image/200x/9df78eab33525d08d6e5fb8d27136e95/4/4/440x440_8622.png"}, {"Title": "Apple IPad Pro 2020 11 \", Space Gray, Li", "Price": "1 020,97 \u20ac", "Picture href:": "https://ordi.eu/media/catalog/product/cache/1/small_image/200x/9df78eab33525d08d6e5fb8d27136e95/4/4/440x440_6698.png"}, {"Title": "Apple IPad Pro 2020 11 \", Space Gray, Li", "Price": "909,66 \u20ac", "Picture href:": "https://ordi.eu/media/catalog/product/cache/1/small_image/200x/9df78eab33525d08d6e5fb8d27136e95/4/4/440x440_6700.png"}, {"Title": "Apple IPad Pro 2020 12.9 \", Silver, Liqu", "Price": "1 243,58 \u20ac", "Picture href:": "https://ordi.eu/media/catalog/product/cache/1/small_image/200x/9df78eab33525d08d6e5fb8d27136e95/4/4/440x440_9527.png"}, {"Title": "Apple IPad Pro 2020 12.9 \", Silver, Liqu", "Price": "1 132,27 \u20ac", "Picture href:": "https://ordi.eu/media/catalog/product/cache/1/small_image/200x/9df78eab33525d08d6e5fb8d27136e95/4/4/440x440_7463.png"}, {"Title": "Apple IPad Pro 2020 12.9 \", Space Gray, ", "Price": "1 132,27 \u20ac", "Picture href:": "https://ordi.eu/media/catalog/product/cache/1/small_image/200x/9df78eab33525d08d6e5fb8d27136e95/4/4/440x440_8259.png"}, {"Title": "Apple IPad Pro 2020 12.9 \", Space Gray, ", "Price": "1 243,58 \u20ac", "Picture href:": "https://ordi.eu/media/catalog/product/cache/1/small_image/200x/9df78eab33525d08d6e5fb8d27136e95/4/4/440x440_6697.png"}, {"Title": "Apple IPad Pro 2020 Wi-Fi+Cellular 11 \",", "Price": "1 192,98 \u20ac", "Picture href:": "https://ordi.eu/media/catalog/product/cache/1/small_image/200x/9df78eab33525d08d6e5fb8d27136e95/4/4/440x440_9528.png"}, {"Title": "Apple IPad Pro 2020 Wi-Fi+Cellular 11 \",", "Price": "1 076,46 \u20ac", "Picture href:": "https://ordi.eu/media/catalog/product/cache/1/small_image/200x/9df78eab33525d08d6e5fb8d27136e95/4/4/440x440_9529.png"}, {"Title": "Apple IPad Pro 2020 Wi-Fi+Cellular 11 \",", "Price": "1 081,69 \u20ac", "Picture href:": "https://ordi.eu/media/catalog/product/cache/1/small_image/200x/9df78eab33525d08d6e5fb8d27136e95/4/4/440x440_9050.png"}, {"Title": "Apple IPad Pro 2020 Wi-Fi+Cellular 11 \",", "Price": "1 192,98 \u20ac", "Picture href:": "https://ordi.eu/media/catalog/product/cache/1/small_image/200x/9df78eab33525d08d6e5fb8d27136e95/4/4/440x440_9560.png"}, {"Title": "Apple IPad Pro 2020 Wi-Fi+Cellular 12.9 ", "Price": "1 304,29 \u20ac", "Picture href:": "https://ordi.eu/media/catalog/product/cache/1/small_image/200x/9df78eab33525d08d6e5fb8d27136e95/4/4/440x440_9049.png"}, {"Title": "Apple IPad Pro 2020 Wi-Fi+Cellular 12.9 ", "Price": "1 291,42 \u20ac", "Picture href:": "https://ordi.eu/media/catalog/product/cache/1/small_image/200x/9df78eab33525d08d6e5fb8d27136e95/4/4/440x440_8258.png"}, {"Title": "ART CZART AS-01 ART Screen Cleaner wipes", "Price": "1,73 \u20ac", "Picture href:": "https://ordi.eu/media/catalog/product/cache/1/small_image/200x/9df78eab33525d08d6e5fb8d27136e95/placeholder/default/small_image.jpg"}, {"Title": "ART CZART AS-02 Cleaning wipes 100pcs AS", "Price": "2,59 \u20ac", "Picture href:": "https://ordi.eu/media/catalog/product/cache/1/small_image/200x/9df78eab33525d08d6e5fb8d27136e95/placeholder/default/small_image.jpg"}, {"Title": "ART CZART AS-03 ART AS-03 Cleaning liqui", "Price": "1,44 \u20ac", "Picture href:": "https://ordi.eu/media/catalog/product/cache/1/small_image/200x/9df78eab33525d08d6e5fb8d27136e95/placeholder/default/small_image.jpg"}, {"Title": "ART CZART AS-04 ART AS-04 compressed air", "Price": "2,30 \u20ac", "Picture href:": "https://ordi.eu/media/catalog/product/cache/1/small_image/200x/9df78eab33525d08d6e5fb8d27136e95/placeholder/default/small_image.jpg"}, {"Title": "ART CZART AS-05 ART AS-05 Foam cleaning", "Price": "2,30 \u20ac", "Picture href:": "https://ordi.eu/media/catalog/product/cache/1/small_image/200x/9df78eab33525d08d6e5fb8d27136e95/placeholder/default/small_image.jpg"}, {"Title": "ART CZART AS-07 ART AS-07 Fluid to clean", "Price": "1,58 \u20ac", "Picture href:": "https://ordi.eu/media/catalog/product/cache/1/small_image/200x/9df78eab33525d08d6e5fb8d27136e95/placeholder/default/small_image.jpg"}, {"Title": "ART CZART AS-09 ART AS-09 Foam cleaning", "Price": "2,16 \u20ac", "Picture href:": "https://ordi.eu/media/catalog/product/cache/1/small_image/200x/9df78eab33525d08d6e5fb8d27136e95/placeholder/default/small_image.jpg"}, {"Title": "ART CZART AS-10 ART Anti-static cloth, d", "Price": "1,87 \u20ac", "Picture href:": "https://ordi.eu/media/catalog/product/cache/1/small_image/200x/9df78eab33525d08d6e5fb8d27136e95/placeholder/default/small_image.jpg"}, {"Title": "ART CZART AS-13 ART Compressed Air 600ml", "Price": "3,02 \u20ac", "Picture href:": "https://ordi.eu/media/catalog/product/cache/1/small_image/200x/9df78eab33525d08d6e5fb8d27136e95/placeholder/default/small_image.jpg"}, {"Title": "ART CZART AS-19 ART Compressed Air 400 m", "Price": "2,45 \u20ac", "Picture href:": "https://ordi.eu/media/catalog/product/cache/1/small_image/200x/9df78eab33525d08d6e5fb8d27136e95/placeholder/default/small_image.jpg"}, {"Title": "ART CZART AS-20 ART AS-20 Fluid to clean", "Price": "1,44 \u20ac", "Picture href:": "https://ordi.eu/media/catalog/product/cache/1/small_image/200x/9df78eab33525d08d6e5fb8d27136e95/placeholder/default/small_image.jpg"}, {"Title": "ART RAMART AX-01 ART Universal (2in1) Ca", "Price": "6,62 \u20ac", "Picture href:": "https://ordi.eu/media/catalog/product/cache/1/small_image/200x/9df78eab33525d08d6e5fb8d27136e95/placeholder/default/small_image.jpg"}, {"Title": "BELKIN DUAL METALLIC Car Charger", "Price": "29,38 \u20ac", "Picture href:": "https://ordi.eu/media/catalog/product/cache/1/small_image/200x/9df78eab33525d08d6e5fb8d27136e95/A/L/AL-2877307.jpg"}, {"Title": "BELKIN F8Z880 TuneCast Auto Universal", "Price": "41,21 \u20ac", "Picture href:": "https://ordi.eu/media/catalog/product/cache/1/small_image/200x/9df78eab33525d08d6e5fb8d27136e95/A/L/AL-3359722.jpg"}, {"Title": "BELKIN iPad Air Single Micro Car Charger", "Price": "29,38 \u20ac", "Picture href:": "https://ordi.eu/media/catalog/product/cache/1/small_image/200x/9df78eab33525d08d6e5fb8d27136e95/A/L/AL-2035638.jpg"}, {"Title": "BELKIN Premium Kevlar Micro USB Cable", "Price": "23,53 \u20ac", "Picture href:": "https://ordi.eu/media/catalog/product/cache/1/small_image/200x/9df78eab33525d08d6e5fb8d27136e95/A/L/AL-2761902.jpg"}, {"Title": "BELKIN Road Rockstar - 4 port Passenger", "Price": "41,21 \u20ac", "Picture href:": "https://ordi.eu/media/catalog/product/cache/1/small_image/200x/9df78eab33525d08d6e5fb8d27136e95/A/L/AL-2401360.jpg"}, {"Title": "BLOW 79-005# Tablet BLOW KidsTAB 7.4 blu", "Price": "65,56 \u20ac", "Picture href:": "https://ordi.eu/media/catalog/product/cache/1/small_image/200x/9df78eab33525d08d6e5fb8d27136e95/placeholder/default/small_image.jpg"}, {"Title": "BLOW 79-006# Tablet BLOW KidsTAB 7.4 pin", "Price": "65,56 \u20ac", "Picture href:": "https://ordi.eu/media/catalog/product/cache/1/small_image/200x/9df78eab33525d08d6e5fb8d27136e95/placeholder/default/small_image.jpg"}, {"Title": "Case Logic Surefit Classic 10 \", Black, ", "Price": "14,94 \u20ac", "Picture href:": "https://ordi.eu/media/catalog/product/cache/1/small_image/200x/9df78eab33525d08d6e5fb8d27136e95/4/4/440x440_1614.png"}, {"Title": "Case Logic Surefit Classic 10 \", Grey, F", "Price": "14,94 \u20ac", "Picture href:": "https://ordi.eu/media/catalog/product/cache/1/small_image/200x/9df78eab33525d08d6e5fb8d27136e95/4/4/440x440_1613.png"}, {"Title": "Case Logic TNEO110K 10 \", Black, Sleeve,", "Price": "15,68 \u20ac", "Picture href:": "https://ordi.eu/media/catalog/product/cache/1/small_image/200x/9df78eab33525d08d6e5fb8d27136e95/4/4/440x440_8178.png"}, {"Title": "Case Logic TS110K 10 \", Black, Sleeve, 9", "Price": "17,59 \u20ac", "Picture href:": "https://ordi.eu/media/catalog/product/cache/1/small_image/200x/9df78eab33525d08d6e5fb8d27136e95/4/4/440x440_1463.png"}, {"Title": "E-Reader|INKBOOK|Calypso|6\"|1024x758|Wir...", "Price": "141,33 \u20ac", "Picture href:": "https://ordi.eu/media/catalog/product/cache/1/small_image/200x/9df78eab33525d08d6e5fb8d27136e95/placeholder/default/small_image.jpg"}, {"Title": "E-Reader|INKBOOK|Calypso|6\"|1024x758|Wir...", "Price": "141,33 \u20ac", "Picture href:": "https://ordi.eu/media/catalog/product/cache/1/small_image/200x/9df78eab33525d08d6e5fb8d27136e95/placeholder/default/small_image.jpg"}, {"Title": "E-Reader|POCKETBOOK|633 Color|6\"|1xMicro...", "Price": "217,22 \u20ac", "Picture href:": "https://ordi.eu/media/catalog/product/cache/1/small_image/200x/9df78eab33525d08d6e5fb8d27136e95/placeholder/default/small_image.jpg"}, {"Title": "E-Reader|POCKETBOOK|InkPad 3 Pro|7.8\"|18...", "Price": "282,48 \u20ac", "Picture href:": "https://ordi.eu/media/catalog/product/cache/1/small_image/200x/9df78eab33525d08d6e5fb8d27136e95/1/2/1271865-0.jpg"}, {"Title": "E-Reader|POCKETBOOK|InkPad 3|7.8\"|1872x1...", "Price": "234,06 \u20ac", "Picture href:": "https://ordi.eu/media/catalog/product/cache/1/small_image/200x/9df78eab33525d08d6e5fb8d27136e95/1/2/1245645-0.jpg"}, {"Title": "E-Reader|POCKETBOOK|InkPad Color|7.8\"|18...", "Price": "322,83 \u20ac", "Picture href:": "https://ordi.eu/media/catalog/product/cache/1/small_image/200x/9df78eab33525d08d6e5fb8d27136e95/placeholder/default/small_image.jpg"}, {"Title": "E-Reader|POCKETBOOK|InkPad X|10.3\"|1872x...", "Price": "463,63 \u20ac", "Picture href:": "https://ordi.eu/media/catalog/product/cache/1/small_image/200x/9df78eab33525d08d6e5fb8d27136e95/1/2/1283327-0.jpg"}, {"Title": "E-Reader|POCKETBOOK|PocketBook Basic 4|6...", "Price": "88,93 \u20ac", "Picture href:": "https://ordi.eu/media/catalog/product/cache/1/small_image/200x/9df78eab33525d08d6e5fb8d27136e95/placeholder/default/small_image.jpg"}, {"Title": "E-Reader|POCKETBOOK|Touch HD 3|6\"|1072x1...", "Price": "183,85 \u20ac", "Picture href:": "https://ordi.eu/media/catalog/product/cache/1/small_image/200x/9df78eab33525d08d6e5fb8d27136e95/1/2/1257067-0.jpg"}, {"Title": "E-Reader|POCKETBOOK|Touch HD 3|6\"|1072x1...", "Price": "183,85 \u20ac", "Picture href:": "https://ordi.eu/media/catalog/product/cache/1/small_image/200x/9df78eab33525d08d6e5fb8d27136e95/1/2/1258431-0.jpg"}, {"Title": "E-Reader|POCKETBOOK|Touch HD 3|6\"|1072x1...", "Price": "201,77 \u20ac", "Picture href:": "https://ordi.eu/media/catalog/product/cache/1/small_image/200x/9df78eab33525d08d6e5fb8d27136e95/placeholder/default/small_image.jpg"}, {"Title": "E-Reader|POCKETBOOK|Touch Lux 5|6\"|1024x...", "Price": "141,98 \u20ac", "Picture href:": "https://ordi.eu/media/catalog/product/cache/1/small_image/200x/9df78eab33525d08d6e5fb8d27136e95/placeholder/default/small_image.jpg"}, {"Title": "ERGOTRON LOCKABLE TABLET MOUNT POLISHED", "Price": "102,90 \u20ac", "Picture href:": "https://ordi.eu/media/catalog/product/cache/1/small_image/200x/9df78eab33525d08d6e5fb8d27136e95/placeholder/default/small_image.jpg"}, {"Title": "FELLOWES I-SPIRE SERIES TABLET LIFT", "Price": "23,10 \u20ac", "Picture href:": "https://ordi.eu/media/catalog/product/cache/1/small_image/200x/9df78eab33525d08d6e5fb8d27136e95/placeholder/default/small_image.jpg"}, {"Title": "FUJITSU LIFEBOOK U9310X NvPro i5-10210U", "Price": "1 705,02 \u20ac", "Picture href:": "https://ordi.eu/media/catalog/product/cache/1/small_image/200x/9df78eab33525d08d6e5fb8d27136e95/placeholder/default/small_image.jpg"}, {"Title": "GEMBIRD NL-02 Gembird USB notebook LED l", "Price": "12,10 \u20ac", "Picture href:": "https://ordi.eu/media/catalog/product/cache/1/small_image/200x/9df78eab33525d08d6e5fb8d27136e95/placeholder/default/small_image.jpg"}, {"Title": "GREENCELL CHARGC01 Green Cell Power Sour", "Price": "129,89 \u20ac", "Picture href:": "https://ordi.eu/media/catalog/product/cache/1/small_image/200x/9df78eab33525d08d6e5fb8d27136e95/placeholder/default/small_image.jpg"}, {"Title": "HP 1Y NBD  Excha  w/ADP Phablet Only SVC", "Price": "91,64 \u20ac", "Picture href:": "https://ordi.eu/media/catalog/product/cache/1/small_image/200x/9df78eab33525d08d6e5fb8d27136e95/placeholder/default/small_image.jpg"}, {"Title": "HP 1Y NBD Exchang /ADP Lap Dock Only SVC", "Price": "30,96 \u20ac", "Picture href:": "https://ordi.eu/media/catalog/product/cache/1/small_image/200x/9df78eab33525d08d6e5fb8d27136e95/placeholder/default/small_image.jpg"}, {"Title": "HP 1Y PW NBD Exchange Phablet only SVC", "Price": "204,34 \u20ac", "Picture href:": "https://ordi.eu/media/catalog/product/cache/1/small_image/200x/9df78eab33525d08d6e5fb8d27136e95/placeholder/default/small_image.jpg"}, {"Title": "HP 2Y NBD Exchang W/ADP Phablet ONLY SVC", "Price": "247,68 \u20ac", "Picture href:": "https://ordi.eu/media/catalog/product/cache/1/small_image/200x/9df78eab33525d08d6e5fb8d27136e95/placeholder/default/small_image.jpg"}, {"Title": "HP 2Y NBD Exchange ADP Lap Dock Only SVC", "Price": "18,58 \u20ac", "Picture href:": "https://ordi.eu/media/catalog/product/cache/1/small_image/200x/9df78eab33525d08d6e5fb8d27136e95/placeholder/default/small_image.jpg"}, {"Title": "HP 2Y NBD Exchange Lap Dock Only SVC", "Price": "49,54 \u20ac", "Picture href:": "https://ordi.eu/media/catalog/product/cache/1/small_image/200x/9df78eab33525d08d6e5fb8d27136e95/placeholder/default/small_image.jpg"}, {"Title": "HP 2Y NBD Exchange Phablet ONLY SVC", "Price": "167,18 \u20ac", "Picture href:": "https://ordi.eu/media/catalog/product/cache/1/small_image/200x/9df78eab33525d08d6e5fb8d27136e95/placeholder/default/small_image.jpg"}, {"Title": "HP 2y Nbd Onsite ADP G2 Tablet Only SVC", "Price": "178,33 \u20ac", "Picture href:": "https://ordi.eu/media/catalog/product/cache/1/small_image/200x/9df78eab33525d08d6e5fb8d27136e95/placeholder/default/small_image.jpg"}, {"Title": "HP 2y Nbd Onsite Tablet Only SVC", "Price": "90,41 \u20ac", "Picture href:": "https://ordi.eu/media/catalog/product/cache/1/small_image/200x/9df78eab33525d08d6e5fb8d27136e95/placeholder/default/small_image.jpg"}, {"Title": "HP 3Y NBD Exchang W/ADP Phablet only SVC", "Price": "414,86 \u20ac", "Picture href:": "https://ordi.eu/media/catalog/product/cache/1/small_image/200x/9df78eab33525d08d6e5fb8d27136e95/placeholder/default/small_image.jpg"}, {"Title": "HP 3Y NBD Exchange  Lap Dock Only SVC", "Price": "74,30 \u20ac", "Picture href:": "https://ordi.eu/media/catalog/product/cache/1/small_image/200x/9df78eab33525d08d6e5fb8d27136e95/placeholder/default/small_image.jpg"}, {"Title": "HP 3Y NBD Exchange ADP Lap Dock Only SVC", "Price": "37,15 \u20ac", "Picture href:": "https://ordi.eu/media/catalog/product/cache/1/small_image/200x/9df78eab33525d08d6e5fb8d27136e95/placeholder/default/small_image.jpg"}, {"Title": "HP 3Y NBD Exchange Phablet only SVC", "Price": "303,41 \u20ac", "Picture href:": "https://ordi.eu/media/catalog/product/cache/1/small_image/200x/9df78eab33525d08d6e5fb8d27136e95/placeholder/default/small_image.jpg"}, {"Title": "HP 3y Nbd Onsite Tablet only Service", "Price": "175,85 \u20ac", "Picture href:": "https://ordi.eu/media/catalog/product/cache/1/small_image/200x/9df78eab33525d08d6e5fb8d27136e95/placeholder/default/small_image.jpg"}, {"Title": "Huawei MediaPad T3 9.6 \", Grey, IPS LCD,", "Price": "144,78 \u20ac", "Picture href:": "https://ordi.eu/media/catalog/product/cache/1/small_image/200x/9df78eab33525d08d6e5fb8d27136e95/4/4/440x440_8566.png"}, {"Title": "IBOX ITTB017 I-BOX TB01 7 TABLET COVER", "Price": "1,87 \u20ac", "Picture href:": "https://ordi.eu/media/catalog/product/cache/1/small_image/200x/9df78eab33525d08d6e5fb8d27136e95/placeholder/default/small_image.jpg"}, {"Title": "iPad Air 10.9\" Wi-Fi + Cellular 64GB - R", "Price": "824,24 \u20ac", "Picture href:": "https://ordi.eu/media/catalog/product/cache/1/small_image/200x/9df78eab33525d08d6e5fb8d27136e95/placeholder/default/small_image.jpg"}, {"Title": "Just Must Back Cover Pure for iPhone 7 B", "Price": "0,43 \u20ac", "Picture href:": "https://ordi.eu/media/catalog/product/cache/1/small_image/200x/9df78eab33525d08d6e5fb8d27136e95/placeholder/default/small_image.jpg"}, {"Title": "KENSINGTON K50409EU Kensington SmartFit", "Price": "54,72 \u20ac", "Picture href:": "https://ordi.eu/media/catalog/product/cache/1/small_image/200x/9df78eab33525d08d6e5fb8d27136e95/placeholder/default/small_image.jpg"}, {"Title": "KENSINGTON KTG USB 3.0 Dual Uni Dock", "Price": "218,88 \u20ac", "Picture href:": "https://ordi.eu/media/catalog/product/cache/1/small_image/200x/9df78eab33525d08d6e5fb8d27136e95/placeholder/default/small_image.jpg"}, {"Title": "KENSINGTON Presenter Expert Green Laser", "Price": "74,88 \u20ac", "Picture href:": "https://ordi.eu/media/catalog/product/cache/1/small_image/200x/9df78eab33525d08d6e5fb8d27136e95/placeholder/default/small_image.jpg"}, {"Title": "KENSINGTON PresenterExpert GreenLaserMem", "Price": "111,31 \u20ac", "Picture href:": "https://ordi.eu/media/catalog/product/cache/1/small_image/200x/9df78eab33525d08d6e5fb8d27136e95/placeholder/default/small_image.jpg"}, {"Title": "KENSINGTON SD1500 USB-C Mobile Dock", "Price": "91,73 \u20ac", "Picture href:": "https://ordi.eu/media/catalog/product/cache/1/small_image/200x/9df78eab33525d08d6e5fb8d27136e95/placeholder/default/small_image.jpg"}, {"Title": "KENSINGTON SD3600 UniversalDock USB3.0", "Price": "205,63 \u20ac", "Picture href:": "https://ordi.eu/media/catalog/product/cache/1/small_image/200x/9df78eab33525d08d6e5fb8d27136e95/placeholder/default/small_image.jpg"}, {"Title": "KENSINGTON SD4700P USB-C and USB3.0 Dock", "Price": "264,24 \u20ac", "Picture href:": "https://ordi.eu/media/catalog/product/cache/1/small_image/200x/9df78eab33525d08d6e5fb8d27136e95/placeholder/default/small_image.jpg"}, {"Title": "KENSINGTON SoleMassage footrest", "Price": "52,27 \u20ac", "Picture href:": "https://ordi.eu/media/catalog/product/cache/1/small_image/200x/9df78eab33525d08d6e5fb8d27136e95/placeholder/default/small_image.jpg"}, {"Title": "KENSINGTON SoleRest footrest", "Price": "32,54 \u20ac", "Picture href:": "https://ordi.eu/media/catalog/product/cache/1/small_image/200x/9df78eab33525d08d6e5fb8d27136e95/placeholder/default/small_image.jpg"}, {"Title": "KENSINGTON SoleSaver footrest", "Price": "25,06 \u20ac", "Picture href:": "https://ordi.eu/media/catalog/product/cache/1/small_image/200x/9df78eab33525d08d6e5fb8d27136e95/placeholder/default/small_image.jpg"}, {"Title": "KENSINGTON Wireless Presenter", "Price": "40,90 \u20ac", "Picture href:": "https://ordi.eu/media/catalog/product/cache/1/small_image/200x/9df78eab33525d08d6e5fb8d27136e95/placeholder/default/small_image.jpg"}, {"Title": "Lenovo Tab M10 ZA4H", "Price": "159,00 \u20ac", "Picture href:": "https://ordi.eu/media/catalog/product/cache/1/small_image/200x/9df78eab33525d08d6e5fb8d27136e95/9/0/9040-1596.jpg"}, {"Title": "Lenovo Tab M8  Black, Folio Case", "Price": "8,64 \u20ac", "Picture href:": "https://ordi.eu/media/catalog/product/cache/1/small_image/200x/9df78eab33525d08d6e5fb8d27136e95/A/C/AC-278322.jpg"}, {"Title": "LENOVO ThinkPlus ePac 3YR Depot", "Price": "211,68 \u20ac", "Picture href:": "https://ordi.eu/media/catalog/product/cache/1/small_image/200x/9df78eab33525d08d6e5fb8d27136e95/A/L/AL-2145136.jpg"}, {"Title": "LOGI Rugged Folio GRAPHITE (PAN)", "Price": "128,16 \u20ac", "Picture href:": "https://ordi.eu/media/catalog/product/cache/1/small_image/200x/9df78eab33525d08d6e5fb8d27136e95/A/L/AL-3566880.jpg"}, {"Title": "LOGI Slim Folio for iPad 7th GRAPHITE (P", "Price": "91,73 \u20ac", "Picture href:": "https://ordi.eu/media/catalog/product/cache/1/small_image/200x/9df78eab33525d08d6e5fb8d27136e95/A/L/AL-3566887.jpg"}, {"Title": "LOGI SLIM FOLIO iPadPro 11 GRAPHITE(PAN)", "Price": "110,65 \u20ac", "Picture href:": "https://ordi.eu/media/catalog/product/cache/1/small_image/200x/9df78eab33525d08d6e5fb8d27136e95/A/L/AL-3392790.jpg"}, {"Title": "Logilink AA0103 15 \", Aluminium, Noteboo", "Price": "23,15 \u20ac", "Picture href:": "https://ordi.eu/media/catalog/product/cache/1/small_image/200x/9df78eab33525d08d6e5fb8d27136e95/4/4/440x440_4220.png"}, {"Title": "LOGILINK linka Kensington NBS003", "Price": "6,34 \u20ac", "Picture href:": "https://ordi.eu/media/catalog/product/cache/1/small_image/200x/9df78eab33525d08d6e5fb8d27136e95/placeholder/default/small_image.jpg"}, {"Title": "LOGILINK NBS002 Security wire silver", "Price": "18,43 \u20ac", "Picture href:": "https://ordi.eu/media/catalog/product/cache/1/small_image/200x/9df78eab33525d08d6e5fb8d27136e95/placeholder/default/small_image.jpg"}, {"Title": "MANHATTAN 10 USB-C PD Desktop Charger", "Price": "1 139,18 \u20ac", "Picture href:": "https://ordi.eu/media/catalog/product/cache/1/small_image/200x/9df78eab33525d08d6e5fb8d27136e95/placeholder/default/small_image.jpg"}, {"Title": "MANHATTAN 10-Port USB Charing Station", "Price": "162,00 \u20ac", "Picture href:": "https://ordi.eu/media/catalog/product/cache/1/small_image/200x/9df78eab33525d08d6e5fb8d27136e95/placeholder/default/small_image.jpg"}, {"Title": "MANHATTAN Mobile Security Lock", "Price": "36,14 \u20ac", "Picture href:": "https://ordi.eu/media/catalog/product/cache/1/small_image/200x/9df78eab33525d08d6e5fb8d27136e95/placeholder/default/small_image.jpg"}, {"Title": "MANHATTAN Mobile Security Lock", "Price": "11,38 \u20ac", "Picture href:": "https://ordi.eu/media/catalog/product/cache/1/small_image/200x/9df78eab33525d08d6e5fb8d27136e95/placeholder/default/small_image.jpg"}, {"Title": "MH QC 3.0 USB Wall Charger - 18 W white", "Price": "21,60 \u20ac", "Picture href:": "https://ordi.eu/media/catalog/product/cache/1/small_image/200x/9df78eab33525d08d6e5fb8d27136e95/placeholder/default/small_image.jpg"}, {"Title": "Microsoft Surface Pen", "Price": "94,00 \u20ac", "Picture href:": "https://ordi.eu/media/catalog/product/cache/1/small_image/200x/9df78eab33525d08d6e5fb8d27136e95/9/0/9040-1665.png"}, {"Title": "Microsoft Surface Pro 7", "Price": "1 562,00 \u20ac", "Picture href:": "https://ordi.eu/media/catalog/product/cache/1/small_image/200x/9df78eab33525d08d6e5fb8d27136e95/9/0/9040-1664.png"}, {"Title": "Microsoft Surface Pro Nordic C", "Price": "128,00 \u20ac", "Picture href:": "https://ordi.eu/media/catalog/product/cache/1/small_image/200x/9df78eab33525d08d6e5fb8d27136e95/9/0/9040-1594.png"}, {"Title": "MS SPro Signa Type Cover Comm M1725 SC", "Price": "170,42 \u20ac", "Picture href:": "https://ordi.eu/media/catalog/product/cache/1/small_image/200x/9df78eab33525d08d6e5fb8d27136e95/placeholder/default/small_image.jpg"}, {"Title": "MS Srfc 127W Power Supply COMM", "Price": "132,71 \u20ac", "Picture href:": "https://ordi.eu/media/catalog/product/cache/1/small_image/200x/9df78eab33525d08d6e5fb8d27136e95/placeholder/default/small_image.jpg"}, {"Title": "MS Srfc 127W Power Supply SC BG/YX/RO/ST", "Price": "125,71 \u20ac", "Picture href:": "https://ordi.eu/media/catalog/product/cache/1/small_image/200x/9df78eab33525d08d6e5fb8d27136e95/placeholder/default/small_image.jpg"}, {"Title": "MS Srfc 127W Power Supply SC ET/LV/LT", "Price": "148,32 \u20ac", "Picture href:": "https://ordi.eu/media/catalog/product/cache/1/small_image/200x/9df78eab33525d08d6e5fb8d27136e95/placeholder/default/small_image.jpg"}, {"Title": "MS Srfc 24W Power Supply SC ET/LV/LT", "Price": "43,20 \u20ac", "Picture href:": "https://ordi.eu/media/catalog/product/cache/1/small_image/200x/9df78eab33525d08d6e5fb8d27136e95/placeholder/default/small_image.jpg"}, {"Title": "MS Srfc 65W Power Supply USB DA/FI/NO/SV", "Price": "85,51 \u20ac", "Picture href:": "https://ordi.eu/media/catalog/product/cache/1/small_image/200x/9df78eab33525d08d6e5fb8d27136e95/A/L/AL-2453448.jpg"}, {"Title": "MS Srfc 65W Power Supply USB SC ET/LV/LT", "Price": "95,33 \u20ac", "Picture href:": "https://ordi.eu/media/catalog/product/cache/1/small_image/200x/9df78eab33525d08d6e5fb8d27136e95/placeholder/default/small_image.jpg"}, {"Title": "MS Srfc Arc Mouse SC Bluetooth ET/LV/LT", "Price": "104,26 \u20ac", "Picture href:": "https://ordi.eu/media/catalog/product/cache/1/small_image/200x/9df78eab33525d08d6e5fb8d27136e95/placeholder/default/small_image.jpg"}, {"Title": "MS Srfc Book3 i5/8/256 COMM DK/FI/NO/SE", "Price": "2 148,66 \u20ac", "Picture href:": "https://ordi.eu/media/catalog/product/cache/1/small_image/200x/9df78eab33525d08d6e5fb8d27136e95/A/L/AL-3851452.jpg"}, {"Title": "MS Srfc Book3 i7/16/256 GPUCOMM DK/FI/NO", "Price": "2 651,53 \u20ac", "Picture href:": "https://ordi.eu/media/catalog/product/cache/1/small_image/200x/9df78eab33525d08d6e5fb8d27136e95/A/L/AL-3851431.jpg"}, {"Title": "MS Srfc Book3 i7/32/1TB GPU COMM DK/FI", "Price": "3 538,16 \u20ac", "Picture href:": "https://ordi.eu/media/catalog/product/cache/1/small_image/200x/9df78eab33525d08d6e5fb8d27136e95/A/L/AL-3851434.jpg"}, {"Title": "MS Srfc Book3 i7/32/1TB QdrCOMM DK/FI/NO", "Price": "4 682,54 \u20ac", "Picture href:": "https://ordi.eu/media/catalog/product/cache/1/small_image/200x/9df78eab33525d08d6e5fb8d27136e95/A/L/AL-3851440.jpg"}, {"Title": "MS Srfc Book3 i7/32/512 QdrCOMM DK/FI/NO", "Price": "4 395,40 \u20ac", "Picture href:": "https://ordi.eu/media/catalog/product/cache/1/small_image/200x/9df78eab33525d08d6e5fb8d27136e95/A/L/AL-3851438.jpg"}, {"Title": "MS Srfc Dial Commer", "Price": "101,88 \u20ac", "Picture href:": "https://ordi.eu/media/catalog/product/cache/1/small_image/200x/9df78eab33525d08d6e5fb8d27136e95/placeholder/default/small_image.jpg"}, {"Title": "MS Srfc Dock 2 COMM DA/FI/NO/SV", "Price": "268,99 \u20ac", "Picture href:": "https://ordi.eu/media/catalog/product/cache/1/small_image/200x/9df78eab33525d08d6e5fb8d27136e95/placeholder/default/small_image.jpg"}, {"Title": "MS Srfc Dock 2 SC ET/LV/LT", "Price": "307,30 \u20ac", "Picture href:": "https://ordi.eu/media/catalog/product/cache/1/small_image/200x/9df78eab33525d08d6e5fb8d27136e95/placeholder/default/small_image.jpg"}, {"Title": "MS Srfc Go 2 P/4/64 SC Plt XZ/NL/FR/DE", "Price": "569,09 \u20ac", "Picture href:": "https://ordi.eu/media/catalog/product/cache/1/small_image/200x/9df78eab33525d08d6e5fb8d27136e95/placeholder/default/small_image.jpg"}, {"Title": "MS Srfc Go 2 P/8/128 SC Plt XZ/NL/FR/DE", "Price": "752,52 \u20ac", "Picture href:": "https://ordi.eu/media/catalog/product/cache/1/small_image/200x/9df78eab33525d08d6e5fb8d27136e95/placeholder/default/small_image.jpg"}, {"Title": "MS Srfc Go EHS 1YR on 2YR (EE)", "Price": "73,30 \u20ac", "Picture href:": "https://ordi.eu/media/catalog/product/cache/1/small_image/200x/9df78eab33525d08d6e5fb8d27136e95/placeholder/default/small_image.jpg"}, {"Title": "MS Srfc Go Type Cover Colors N SC Eng", "Price": "146,74 \u20ac", "Picture href:": "https://ordi.eu/media/catalog/product/cache/1/small_image/200x/9df78eab33525d08d6e5fb8d27136e95/placeholder/default/small_image.jpg"}, {"Title": "MS Srfc Go Type Cover Colors N SC Eng", "Price": "147,17 \u20ac", "Picture href:": "https://ordi.eu/media/catalog/product/cache/1/small_image/200x/9df78eab33525d08d6e5fb8d27136e95/placeholder/default/small_image.jpg"}, {"Title": "MS Srfc Go Type Cover N SC Eng Intl CEE", "Price": "95,47 \u20ac", "Picture href:": "https://ordi.eu/media/catalog/product/cache/1/small_image/200x/9df78eab33525d08d6e5fb8d27136e95/placeholder/default/small_image.jpg"}, {"Title": "MS Srfc Go Type Cover N SC Eng Intl CEE", "Price": "114,48 \u20ac", "Picture href:": "https://ordi.eu/media/catalog/product/cache/1/small_image/200x/9df78eab33525d08d6e5fb8d27136e95/placeholder/default/small_image.jpg"}, {"Title": "MS Srfc Go2 4425Y 4/64 Plt DA/FI/NO", "Price": "605,81 \u20ac", "Picture href:": "https://ordi.eu/media/catalog/product/cache/1/small_image/200x/9df78eab33525d08d6e5fb8d27136e95/placeholder/default/small_image.jpg"}, {"Title": "MS Srfc Go2 LTE m3/8/128 Plt DA/FI COMM", "Price": "1 007,68 \u20ac", "Picture href:": "https://ordi.eu/media/catalog/product/cache/1/small_image/200x/9df78eab33525d08d6e5fb8d27136e95/A/L/AL-3851457.jpg"}, {"Title": "MS Srfc Go2 m3/4/64 COMM Plt DA/FI/NO", "Price": "664,78 \u20ac", "Picture href:": "https://ordi.eu/media/catalog/product/cache/1/small_image/200x/9df78eab33525d08d6e5fb8d27136e95/A/L/AL-3851450.jpg"}, {"Title": "MS Srfc Go2 m3/8/128 COMM Plt DA/FI", "Price": "898,68 \u20ac", "Picture href:": "https://ordi.eu/media/catalog/product/cache/1/small_image/200x/9df78eab33525d08d6e5fb8d27136e95/A/L/AL-3851454.jpg"}, {"Title": "MS Srfc mDP-VGA (DA/FI/NO/SV)", "Price": "38,00 \u20ac", "Picture href:": "https://ordi.eu/media/catalog/product/cache/1/small_image/200x/9df78eab33525d08d6e5fb8d27136e95/A/L/AL-2893951.jpg"}, {"Title": "MS Srfc Mobile Mouse SC Bluetooth BG/YX", "Price": "41,33 \u20ac", "Picture href:": "https://ordi.eu/media/catalog/product/cache/1/small_image/200x/9df78eab33525d08d6e5fb8d27136e95/placeholder/default/small_image.jpg"}, {"Title": "MS Srfc Mobile Mouse SC Bluetooth ET/LV", "Price": "41,89 \u20ac", "Picture href:": "https://ordi.eu/media/catalog/product/cache/1/small_image/200x/9df78eab33525d08d6e5fb8d27136e95/placeholder/default/small_image.jpg"}, {"Title": "MS Srfc Pen M1776 SC BG/YX/RO/SL CEE", "Price": "114,62 \u20ac", "Picture href:": "https://ordi.eu/media/catalog/product/cache/1/small_image/200x/9df78eab33525d08d6e5fb8d27136e95/placeholder/default/small_image.jpg"}, {"Title": "MS Srfc Pen M1776 SC BG/YX/RO/SL CEE", "Price": "114,62 \u20ac", "Picture href:": "https://ordi.eu/media/catalog/product/cache/1/small_image/200x/9df78eab33525d08d6e5fb8d27136e95/placeholder/default/small_image.jpg"}, {"Title": "MS Srfc Pen M1776 SC Silver XZ/ET/LV/LT", "Price": "116,21 \u20ac", "Picture href:": "https://ordi.eu/media/catalog/product/cache/1/small_image/200x/9df78eab33525d08d6e5fb8d27136e95/placeholder/default/small_image.jpg"}, {"Title": "MS Srfc Pen M1776 SC XZ/ET/LV/LT CEE", "Price": "115,06 \u20ac", "Picture href:": "https://ordi.eu/media/catalog/product/cache/1/small_image/200x/9df78eab33525d08d6e5fb8d27136e95/placeholder/default/small_image.jpg"}, {"Title": "MS Srfc Precision Mouse SC Bluetooth", "Price": "125,86 \u20ac", "Picture href:": "https://ordi.eu/media/catalog/product/cache/1/small_image/200x/9df78eab33525d08d6e5fb8d27136e95/placeholder/default/small_image.jpg"}, {"Title": "MS Srfc Precision Mouse SC BT ET/LV/LT", "Price": "126,14 \u20ac", "Picture href:": "https://ordi.eu/media/catalog/product/cache/1/small_image/200x/9df78eab33525d08d6e5fb8d27136e95/placeholder/default/small_image.jpg"}, {"Title": "MS Srfc Pro 7 i5/8/128 SC Plt CEE EM", "Price": "1 268,09 \u20ac", "Picture href:": "https://ordi.eu/media/catalog/product/cache/1/small_image/200x/9df78eab33525d08d6e5fb8d27136e95/placeholder/default/small_image.jpg"}, {"Title": "MS Srfc Pro 7 i5/8/256 SC Blk CEE EM", "Price": "1 638,06 \u20ac", "Picture href:": "https://ordi.eu/media/catalog/product/cache/1/small_image/200x/9df78eab33525d08d6e5fb8d27136e95/placeholder/default/small_image.jpg"}, {"Title": "MS Srfc Pro 7 i5/8/256 SC Plt CEE EM", "Price": "1 638,06 \u20ac", "Picture href:": "https://ordi.eu/media/catalog/product/cache/1/small_image/200x/9df78eab33525d08d6e5fb8d27136e95/placeholder/default/small_image.jpg"}, {"Title": "MS Srfc Pro 7 i7/16/256 SC Plt CEE EM", "Price": "1 981,68 \u20ac", "Picture href:": "https://ordi.eu/media/catalog/product/cache/1/small_image/200x/9df78eab33525d08d6e5fb8d27136e95/placeholder/default/small_image.jpg"}, {"Title": "MS Srfc Pro 7 i7/16/512 SC Plt CEE EM", "Price": "2 512,98 \u20ac", "Picture href:": "https://ordi.eu/media/catalog/product/cache/1/small_image/200x/9df78eab33525d08d6e5fb8d27136e95/placeholder/default/small_image.jpg"}, {"Title": "MS Srfc Pro 7+ i5/16/256 Plt DK/FI/NO/PT", "Price": "1 909,92 \u20ac", "Picture href:": "https://ordi.eu/media/catalog/product/cache/1/small_image/200x/9df78eab33525d08d6e5fb8d27136e95/A/L/AL-4073313.jpg"}, {"Title": "MS Srfc Pro 7+ i5/8/128 SC Plt DK/FI/NO", "Price": "1 360,22 \u20ac", "Picture href:": "https://ordi.eu/media/catalog/product/cache/1/small_image/200x/9df78eab33525d08d6e5fb8d27136e95/A/L/AL-4073301.jpg"}, {"Title": "MS Srfc Pro 7+ i5/8/256 SC Plt DK/FI/NO", "Price": "1 690,66 \u20ac", "Picture href:": "https://ordi.eu/media/catalog/product/cache/1/small_image/200x/9df78eab33525d08d6e5fb8d27136e95/A/L/AL-4073305.jpg"}, {"Title": "MS Srfc Pro 7+ i7/16/256 Blk DK/FI/NO/PT", "Price": "1 976,16 \u20ac", "Picture href:": "https://ordi.eu/media/catalog/product/cache/1/small_image/200x/9df78eab33525d08d6e5fb8d27136e95/A/L/AL-4073451.jpg"}, {"Title": "MS Srfc Pro 7+ i7/16/256 Plt DK/FI/NO/PT", "Price": "1 976,16 \u20ac", "Picture href:": "https://ordi.eu/media/catalog/product/cache/1/small_image/200x/9df78eab33525d08d6e5fb8d27136e95/A/L/AL-4073437.jpg"}, {"Title": "MS Srfc Pro 7+ i7/16/512 Blk DK/FI/NO/PT", "Price": "2 471,58 \u20ac", "Picture href:": "https://ordi.eu/media/catalog/product/cache/1/small_image/200x/9df78eab33525d08d6e5fb8d27136e95/A/L/AL-4073459.jpg"}, {"Title": "MS Srfc Pro 7+ i7/16/512 Plt DK/FI/NO/PT", "Price": "2 471,58 \u20ac", "Picture href:": "https://ordi.eu/media/catalog/product/cache/1/small_image/200x/9df78eab33525d08d6e5fb8d27136e95/A/L/AL-4073455.jpg"}, {"Title": "MS Srfc Pro 7+ LTE i5/16/256 Plt DK/FI/N", "Price": "2 152,88 \u20ac", "Picture href:": "https://ordi.eu/media/catalog/product/cache/1/small_image/200x/9df78eab33525d08d6e5fb8d27136e95/A/L/AL-4073325.jpg"}, {"Title": "MS Srfc Pro 7+ LTE i5/8/128 Plt DK/FI/NO", "Price": "1 568,78 \u20ac", "Picture href:": "https://ordi.eu/media/catalog/product/cache/1/small_image/200x/9df78eab33525d08d6e5fb8d27136e95/A/L/AL-4073317.jpg"}, {"Title": "MS Srfc Pro 7+ LTE i5/8/256 Plt DK/FI/NO", "Price": "1 847,82 \u20ac", "Picture href:": "https://ordi.eu/media/catalog/product/cache/1/small_image/200x/9df78eab33525d08d6e5fb8d27136e95/A/L/AL-4073321.jpg"}, {"Title": "MS Srfc Pro Type Cover Colors R SC Eng", "Price": "189,36 \u20ac", "Picture href:": "https://ordi.eu/media/catalog/product/cache/1/small_image/200x/9df78eab33525d08d6e5fb8d27136e95/placeholder/default/small_image.jpg"}, {"Title": "MS Srfc Pro Type Cover M1725 SC Eng Intl", "Price": "158,96 \u20ac", "Picture href:": "https://ordi.eu/media/catalog/product/cache/1/small_image/200x/9df78eab33525d08d6e5fb8d27136e95/placeholder/default/small_image.jpg"}, {"Title": "MS Srfc Pro7 i5 16GB 256GB Platinum CH", "Price": "1 876,80 \u20ac", "Picture href:": "https://ordi.eu/media/catalog/product/cache/1/small_image/200x/9df78eab33525d08d6e5fb8d27136e95/A/L/AL-3545755.jpg"}, {"Title": "MS Srfc Pro7 i5-1035G4 16GB DK/FI/NO Plt", "Price": "1 923,17 \u20ac", "Picture href:": "https://ordi.eu/media/catalog/product/cache/1/small_image/200x/9df78eab33525d08d6e5fb8d27136e95/A/L/AL-3534479.jpg"}, {"Title": "MS Srfc Pro7 i5-1035G4 8GB DK/FI/NO Blk", "Price": "1 643,58 \u20ac", "Picture href:": "https://ordi.eu/media/catalog/product/cache/1/small_image/200x/9df78eab33525d08d6e5fb8d27136e95/A/L/AL-3534466.jpg"}, {"Title": "MS Srfc Pro7 i5-1035G4 8GB DK/FI/NO Plt", "Price": "1 643,58 \u20ac", "Picture href:": "https://ordi.eu/media/catalog/product/cache/1/small_image/200x/9df78eab33525d08d6e5fb8d27136e95/A/L/AL-3534462.jpg"}, {"Title": "MS Srfc Pro7 i7 16GB 256GB Black NL/BE", "Price": "1 943,04 \u20ac", "Picture href:": "https://ordi.eu/media/catalog/product/cache/1/small_image/200x/9df78eab33525d08d6e5fb8d27136e95/A/L/AL-3534555.jpg"}, {"Title": "MS Srfc Pro7 i7-1065G7 16GB DK/FI Plt", "Price": "1 943,04 \u20ac", "Picture href:": "https://ordi.eu/media/catalog/product/cache/1/small_image/200x/9df78eab33525d08d6e5fb8d27136e95/A/L/AL-3534551.jpg"}, {"Title": "MS Srfc USB C to Display port Adap (ND)", "Price": "38,59 \u20ac", "Picture href:": "https://ordi.eu/media/catalog/product/cache/1/small_image/200x/9df78eab33525d08d6e5fb8d27136e95/placeholder/default/small_image.jpg"}, {"Title": "MS Srfc USB C to USB Adapter (ND)", "Price": "19,15 \u20ac", "Picture href:": "https://ordi.eu/media/catalog/product/cache/1/small_image/200x/9df78eab33525d08d6e5fb8d27136e95/placeholder/default/small_image.jpg"}, {"Title": "MS Srfc USB-C to DP Adpt SC ET/LV/LT", "Price": "42,19 \u20ac", "Picture href:": "https://ordi.eu/media/catalog/product/cache/1/small_image/200x/9df78eab33525d08d6e5fb8d27136e95/placeholder/default/small_image.jpg"}, {"Title": "MS Srfc USB-C to Eth USB 3.0 Adpt ET/LV", "Price": "56,88 \u20ac", "Picture href:": "https://ordi.eu/media/catalog/product/cache/1/small_image/200x/9df78eab33525d08d6e5fb8d27136e95/placeholder/default/small_image.jpg"}, {"Title": "MS Srfc USB-C to USB 3.0 Adpt SC ET/LV", "Price": "20,88 \u20ac", "Picture href:": "https://ordi.eu/media/catalog/product/cache/1/small_image/200x/9df78eab33525d08d6e5fb8d27136e95/placeholder/default/small_image.jpg"}, {"Title": "MS Srfc USB-C to VGA (DA/FI/NO/SV)", "Price": "41,21 \u20ac", "Picture href:": "https://ordi.eu/media/catalog/product/cache/1/small_image/200x/9df78eab33525d08d6e5fb8d27136e95/A/L/AL-2923167.jpg"}, {"Title": "MS Srfc USB-C to VGA Adpt SC ET/LV/LT", "Price": "42,48 \u20ac", "Picture href:": "https://ordi.eu/media/catalog/product/cache/1/small_image/200x/9df78eab33525d08d6e5fb8d27136e95/placeholder/default/small_image.jpg"}, {"Title": "MS Srfc USB-C Travel HUB (ND)", "Price": "109,18 \u20ac", "Picture href:": "https://ordi.eu/media/catalog/product/cache/1/small_image/200x/9df78eab33525d08d6e5fb8d27136e95/placeholder/default/small_image.jpg"}, {"Title": "MS Surface Pen Comm M1776 Silver (ND)", "Price": "102,82 \u20ac", "Picture href:": "https://ordi.eu/media/catalog/product/cache/1/small_image/200x/9df78eab33525d08d6e5fb8d27136e95/A/L/AL-2831727.jpg"}, {"Title": "MS Surface Pro Dock Commer SC 1 lic (ND)", "Price": "216,46 \u20ac", "Picture href:": "https://ordi.eu/media/catalog/product/cache/1/small_image/200x/9df78eab33525d08d6e5fb8d27136e95/A/L/AL-2453445.jpg"}, {"Title": "NATEC NZL-0225 Natec Lobster - notebook", "Price": "5,62 \u20ac", "Picture href:": "https://ordi.eu/media/catalog/product/cache/1/small_image/200x/9df78eab33525d08d6e5fb8d27136e95/placeholder/default/small_image.jpg"}, {"Title": "QOLTEC 50002 Qoltec AC adapter   15W   5", "Price": "11,38 \u20ac", "Picture href:": "https://ordi.eu/media/catalog/product/cache/1/small_image/200x/9df78eab33525d08d6e5fb8d27136e95/placeholder/default/small_image.jpg"}, {"Title": "QOLTEC 50003 Qoltec AC adapter   15W   5", "Price": "10,37 \u20ac", "Picture href:": "https://ordi.eu/media/catalog/product/cache/1/small_image/200x/9df78eab33525d08d6e5fb8d27136e95/placeholder/default/small_image.jpg"}, {"Title": "QOLTEC 50048 Qoltec Tablet Power Supply", "Price": "5,76 \u20ac", "Picture href:": "https://ordi.eu/media/catalog/product/cache/1/small_image/200x/9df78eab33525d08d6e5fb8d27136e95/placeholder/default/small_image.jpg"}, {"Title": "QOLTEC 50132 Qoltec AC adapter USB typC", "Price": "18,29 \u20ac", "Picture href:": "https://ordi.eu/media/catalog/product/cache/1/small_image/200x/9df78eab33525d08d6e5fb8d27136e95/placeholder/default/small_image.jpg"}, {"Title": "QOLTEC 50134 Qoltec AC adapter 45W   20V", "Price": "32,40 \u20ac", "Picture href:": "https://ordi.eu/media/catalog/product/cache/1/small_image/200x/9df78eab33525d08d6e5fb8d27136e95/placeholder/default/small_image.jpg"}, {"Title": "QOLTEC 50169 Qoltec AC adapter 5V   3A", "Price": "10,94 \u20ac", "Picture href:": "https://ordi.eu/media/catalog/product/cache/1/small_image/200x/9df78eab33525d08d6e5fb8d27136e95/placeholder/default/small_image.jpg"}, {"Title": "QOLTEC 50180 Qoltec AC adapter   12W   5", "Price": "7,49 \u20ac", "Picture href:": "https://ordi.eu/media/catalog/product/cache/1/small_image/200x/9df78eab33525d08d6e5fb8d27136e95/placeholder/default/small_image.jpg"}, {"Title": "QOLTEC 50185 Qoltec AC adapter   12W   5", "Price": "8,06 \u20ac", "Picture href:": "https://ordi.eu/media/catalog/product/cache/1/small_image/200x/9df78eab33525d08d6e5fb8d27136e95/placeholder/default/small_image.jpg"}, {"Title": "QOLTEC 50186 Qoltec AC adapter   17W   5", "Price": "9,36 \u20ac", "Picture href:": "https://ordi.eu/media/catalog/product/cache/1/small_image/200x/9df78eab33525d08d6e5fb8d27136e95/placeholder/default/small_image.jpg"}, {"Title": "QOLTEC 50187 Qoltec AC adapter   12W   5", "Price": "10,08 \u20ac", "Picture href:": "https://ordi.eu/media/catalog/product/cache/1/small_image/200x/9df78eab33525d08d6e5fb8d27136e95/placeholder/default/small_image.jpg"}, {"Title": "QOLTEC 50188 Qoltec AC adapter   17W   5", "Price": "9,79 \u20ac", "Picture href:": "https://ordi.eu/media/catalog/product/cache/1/small_image/200x/9df78eab33525d08d6e5fb8d27136e95/placeholder/default/small_image.jpg"}, {"Title": "QOLTEC 50189 Qoltec AC adapter   17W   5", "Price": "10,08 \u20ac", "Picture href:": "https://ordi.eu/media/catalog/product/cache/1/small_image/200x/9df78eab33525d08d6e5fb8d27136e95/placeholder/default/small_image.jpg"}, {"Title": "QOLTEC 50190 Qoltec AC adapter   17W   5", "Price": "11,38 \u20ac", "Picture href:": "https://ordi.eu/media/catalog/product/cache/1/small_image/200x/9df78eab33525d08d6e5fb8d27136e95/placeholder/default/small_image.jpg"}, {"Title": "QOLTEC 50192 Qoltec AC adapter   24W   5", "Price": "12,82 \u20ac", "Picture href:": "https://ordi.eu/media/catalog/product/cache/1/small_image/200x/9df78eab33525d08d6e5fb8d27136e95/placeholder/default/small_image.jpg"}, {"Title": "QOLTEC 51222 Qoltec Car holder for table", "Price": "9,65 \u20ac", "Picture href:": "https://ordi.eu/media/catalog/product/cache/1/small_image/200x/9df78eab33525d08d6e5fb8d27136e95/placeholder/default/small_image.jpg"}, {"Title": "QOLTEC 51223 Qoltec Car holder for table", "Price": "7,63 \u20ac", "Picture href:": "https://ordi.eu/media/catalog/product/cache/1/small_image/200x/9df78eab33525d08d6e5fb8d27136e95/placeholder/default/small_image.jpg"}, {"Title": "QOLTEC 51224 Qoltec Car holder for table", "Price": "7,34 \u20ac", "Picture href:": "https://ordi.eu/media/catalog/product/cache/1/small_image/200x/9df78eab33525d08d6e5fb8d27136e95/placeholder/default/small_image.jpg"}, {"Title": "SAMSUNG Book Cover Tab A7 EF-BT500 Gray", "Price": "35,57 \u20ac", "Picture href:": "https://ordi.eu/media/catalog/product/cache/1/small_image/200x/9df78eab33525d08d6e5fb8d27136e95/A/L/AL-4006850.jpg"}, {"Title": "Samsung Galaxy Tab A 8.0 T290 8.0 \", Bla", "Price": "139,33 \u20ac", "Picture href:": "https://ordi.eu/media/catalog/product/cache/1/small_image/200x/9df78eab33525d08d6e5fb8d27136e95/placeholder/default/small_image.jpg"}, {"Title": "SAMSUNG Galaxy Tab A7 10.4 3/32 Gray", "Price": "253,51 \u20ac", "Picture href:": "https://ordi.eu/media/catalog/product/cache/1/small_image/200x/9df78eab33525d08d6e5fb8d27136e95/A/L/AL-3926319.jpg"}, {"Title": "SAMSUNG Galaxy Tab A7 10.4 4G 3/32 Gray", "Price": "320,44 \u20ac", "Picture href:": "https://ordi.eu/media/catalog/product/cache/1/small_image/200x/9df78eab33525d08d6e5fb8d27136e95/A/L/AL-3926333.jpg"}, {"Title": "Samsung Galaxy Tab A7 T500 (Silver) 10.4", "Price": "218,41 \u20ac", "Picture href:": "https://ordi.eu/media/catalog/product/cache/1/small_image/200x/9df78eab33525d08d6e5fb8d27136e95/placeholder/default/small_image.jpg"}, {"Title": "Samsung Galaxy Tab A7 T500 10.4 \", Gold,", "Price": "218,41 \u20ac", "Picture href:": "https://ordi.eu/media/catalog/product/cache/1/small_image/200x/9df78eab33525d08d6e5fb8d27136e95/placeholder/default/small_image.jpg"}, {"Title": "Samsung Galaxy Tab A7 T500 10.4 \", Grey,", "Price": "218,41 \u20ac", "Picture href:": "https://ordi.eu/media/catalog/product/cache/1/small_image/200x/9df78eab33525d08d6e5fb8d27136e95/4/4/440x440_7836.png"}, {"Title": "Samsung Galaxy Tab A7 T505 (Grey) 10.4", "Price": "256,16 \u20ac", "Picture href:": "https://ordi.eu/media/catalog/product/cache/1/small_image/200x/9df78eab33525d08d6e5fb8d27136e95/placeholder/default/small_image.jpg"}, {"Title": "Samsung Galaxy Tab A7 T505 (Silver) 10.4", "Price": "256,16 \u20ac", "Picture href:": "https://ordi.eu/media/catalog/product/cache/1/small_image/200x/9df78eab33525d08d6e5fb8d27136e95/placeholder/default/small_image.jpg"}, {"Title": "Samsung Galaxy Tab A7 T505 10.4 \", Gold,", "Price": "256,16 \u20ac", "Picture href:": "https://ordi.eu/media/catalog/product/cache/1/small_image/200x/9df78eab33525d08d6e5fb8d27136e95/4/4/440x440_9229.png"}, {"Title": "Samsung Galaxy Tab A7 T505 10.4 \", Grey,", "Price": "264,89 \u20ac", "Picture href:": "https://ordi.eu/media/catalog/product/cache/1/small_image/200x/9df78eab33525d08d6e5fb8d27136e95/4/4/440x440_8891.png"}, {"Title": "Samsung Galaxy Tab A8 T290 8.0 \", Black,", "Price": "138,86 \u20ac", "Picture href:": "https://ordi.eu/media/catalog/product/cache/1/small_image/200x/9df78eab33525d08d6e5fb8d27136e95/4/4/440x440_9695.png"}, {"Title": "Samsung Galaxy Tab A8 T290 8.0 \", Silver", "Price": "138,86 \u20ac", "Picture href:": "https://ordi.eu/media/catalog/product/cache/1/small_image/200x/9df78eab33525d08d6e5fb8d27136e95/placeholder/default/small_image.jpg"}, {"Title": "Samsung Galaxy Tab A8 T295 8.0 \", Silver", "Price": "153,71 \u20ac", "Picture href:": "https://ordi.eu/media/catalog/product/cache/1/small_image/200x/9df78eab33525d08d6e5fb8d27136e95/4/4/440x440_7636.png"}, {"Title": "SAMSUNG Galaxy Tab Active Pro 10.1inch", "Price": "793,22 \u20ac", "Picture href:": "https://ordi.eu/media/catalog/product/cache/1/small_image/200x/9df78eab33525d08d6e5fb8d27136e95/placeholder/default/small_image.jpg"}, {"Title": "Samsung Galaxy Tab P610 S6 Lite 10.4 \", ", "Price": "354,82 \u20ac", "Picture href:": "https://ordi.eu/media/catalog/product/cache/1/small_image/200x/9df78eab33525d08d6e5fb8d27136e95/4/4/440x440_8931.png"}, {"Title": "Samsung Galaxy Tab S6 Lite P610 (Grey) 1", "Price": "350,56 \u20ac", "Picture href:": "https://ordi.eu/media/catalog/product/cache/1/small_image/200x/9df78eab33525d08d6e5fb8d27136e95/placeholder/default/small_image.jpg"}, {"Title": "Samsung Galaxy Tab S6 Lite P615 (Grey) 1", "Price": "408,53 \u20ac", "Picture href:": "https://ordi.eu/media/catalog/product/cache/1/small_image/200x/9df78eab33525d08d6e5fb8d27136e95/placeholder/default/small_image.jpg"}, {"Title": "SANDBERG ActionCase for iPad 2/3/4", "Price": "79,63 \u20ac", "Picture href:": "https://ordi.eu/media/catalog/product/cache/1/small_image/200x/9df78eab33525d08d6e5fb8d27136e95/A/L/AL-2901344.jpg"}, {"Title": "SANDBERG Cover iPad Air 2 hard Black", "Price": "35,14 \u20ac", "Picture href:": "https://ordi.eu/media/catalog/product/cache/1/small_image/200x/9df78eab33525d08d6e5fb8d27136e95/A/L/AL-2742885.jpg"}, {"Title": "SANDBERG Cover stand iPad Air Rotate", "Price": "59,04 \u20ac", "Picture href:": "https://ordi.eu/media/catalog/product/cache/1/small_image/200x/9df78eab33525d08d6e5fb8d27136e95/A/L/AL-2325030.jpg"}, {"Title": "SANDBERG iPad Pro 24,6 cm hard Cover", "Price": "10,80 \u20ac", "Picture href:": "https://ordi.eu/media/catalog/product/cache/1/small_image/200x/9df78eab33525d08d6e5fb8d27136e95/A/L/AL-2742921.jpg"}, {"Title": "SANDBERG Rotatable tablet case 7-8", "Price": "10,08 \u20ac", "Picture href:": "https://ordi.eu/media/catalog/product/cache/1/small_image/200x/9df78eab33525d08d6e5fb8d27136e95/A/L/AL-2901309.jpg"}, {"Title": "Sandberg Tablet Stylus", "Price": "7,00 \u20ac", "Picture href:": "https://ordi.eu/media/catalog/product/cache/1/small_image/200x/9df78eab33525d08d6e5fb8d27136e95/9/0/9040-1414_1.jpg"}, {"Title": "TABLET ACC CAR HEADREST HOLDER/THANO 236...", "Price": "13,52 \u20ac", "Picture href:": "https://ordi.eu/media/catalog/product/cache/1/small_image/200x/9df78eab33525d08d6e5fb8d27136e95/1/3/1305718.jpg"}, {"Title": "TABLET ACC DESK STAND/TABLET-D100SILVER ...", "Price": "80,28 \u20ac", "Picture href:": "https://ordi.eu/media/catalog/product/cache/1/small_image/200x/9df78eab33525d08d6e5fb8d27136e95/1/2/1245503.jpg"}, {"Title": "TABLET ACC DESK STAND/TABLET-D150SILVER ...", "Price": "67,10 \u20ac", "Picture href:": "https://ordi.eu/media/catalog/product/cache/1/small_image/200x/9df78eab33525d08d6e5fb8d27136e95/1/2/1268471.jpg"}, {"Title": "TABLET ACC DESK STAND/TABLET-D300WHITE N...", "Price": "82,22 \u20ac", "Picture href:": "https://ordi.eu/media/catalog/product/cache/1/small_image/200x/9df78eab33525d08d6e5fb8d27136e95/1/2/1259206.jpg"}, {"Title": "TABLET ACC DESK STAND/TABLET-S100SILVER ...", "Price": "104,90 \u20ac", "Picture href:": "https://ordi.eu/media/catalog/product/cache/1/small_image/200x/9df78eab33525d08d6e5fb8d27136e95/1/1/1160718.jpg"}, {"Title": "TABLET ACC FLOOR STAND/TABLET-S200SILVER...", "Price": "137,21 \u20ac", "Picture href:": "https://ordi.eu/media/catalog/product/cache/1/small_image/200x/9df78eab33525d08d6e5fb8d27136e95/1259199.jpg"}, {"Title": "TABLET ACC FLOOR STAND/TABLET-S300WHITE ...", "Price": "133,55 \u20ac", "Picture href:": "https://ordi.eu/media/catalog/product/cache/1/small_image/200x/9df78eab33525d08d6e5fb8d27136e95/1259201.jpg"}, {"Title": "TABLET ACC HOLDER CAR CHAIR/TA-CHHR-02 G...", "Price": "4,16 \u20ac", "Picture href:": "https://ordi.eu/media/catalog/product/cache/1/small_image/200x/9df78eab33525d08d6e5fb8d27136e95/placeholder/default/small_image.jpg"}, {"Title": "TABLET ACC PENCIL CRAYON//IPADS 914-0000...", "Price": "84,36 \u20ac", "Picture href:": "https://ordi.eu/media/catalog/product/cache/1/small_image/200x/9df78eab33525d08d6e5fb8d27136e95/1/2/1292185.jpg"}, {"Title": "TABLET ACC STAND & CLEANER KIT/NS-MKIT10...", "Price": "8,21 \u20ac", "Picture href:": "https://ordi.eu/media/catalog/product/cache/1/small_image/200x/9df78eab33525d08d6e5fb8d27136e95/1/1/1172524.jpg"}, {"Title": "TABLET ACC STAND SILVER/DS15-050SL1 NEWS...", "Price": "24,98 \u20ac", "Picture href:": "https://ordi.eu/media/catalog/product/cache/1/small_image/200x/9df78eab33525d08d6e5fb8d27136e95/1/3/1318682.jpg"}, {"Title": "TABLET ACC STAND UNIVERSAL/WHITE TA-TS-0...", "Price": "1,64 \u20ac", "Picture href:": "https://ordi.eu/media/catalog/product/cache/1/small_image/200x/9df78eab33525d08d6e5fb8d27136e95/placeholder/default/small_image.jpg"}, {"Title": "TABLET ACC TYPE COVER SURFACE/BLACK KCM-...", "Price": "112,32 \u20ac", "Picture href:": "https://ordi.eu/media/catalog/product/cache/1/small_image/200x/9df78eab33525d08d6e5fb8d27136e95/1/3/1303263.jpg"}, {"Title": "TABLET ACC TYPE COVER SURFACE/BLACK QJW-...", "Price": "120,96 \u20ac", "Picture href:": "https://ordi.eu/media/catalog/product/cache/1/small_image/200x/9df78eab33525d08d6e5fb8d27136e95/placeholder/default/small_image.jpg"}, {"Title": "TABLET ACC TYPE COVER SURFACE/CHARCOAL K...", "Price": "118,08 \u20ac", "Picture href:": "https://ordi.eu/media/catalog/product/cache/1/small_image/200x/9df78eab33525d08d6e5fb8d27136e95/placeholder/default/small_image.jpg"}, {"Title": "TABLET ACC TYPE COVER SURFACE/GO BLUE KC...", "Price": "112,32 \u20ac", "Picture href:": "https://ordi.eu/media/catalog/product/cache/1/small_image/200x/9df78eab33525d08d6e5fb8d27136e95/placeholder/default/small_image.jpg"}, {"Title": "TABLET ACC TYPE COVER SURFACE/GO CHARC. ...", "Price": "112,32 \u20ac", "Picture href:": "https://ordi.eu/media/catalog/product/cache/1/small_image/200x/9df78eab33525d08d6e5fb8d27136e95/placeholder/default/small_image.jpg"}, {"Title": "TABLET ACC TYPE COVER SURFACE/GO TXK-000...", "Price": "112,32 \u20ac", "Picture href:": "https://ordi.eu/media/catalog/product/cache/1/small_image/200x/9df78eab33525d08d6e5fb8d27136e95/placeholder/default/small_image.jpg"}, {"Title": "TABLET ACC TYPE COVER SURFACE/PRO 4 FMM-...", "Price": "158,40 \u20ac", "Picture href:": "https://ordi.eu/media/catalog/product/cache/1/small_image/200x/9df78eab33525d08d6e5fb8d27136e95/placeholder/default/small_image.jpg"}, {"Title": "TABLET ACC TYPE COVER SURFACE/PRO X BLUE...", "Price": "236,16 \u20ac", "Picture href:": "https://ordi.eu/media/catalog/product/cache/1/small_image/200x/9df78eab33525d08d6e5fb8d27136e95/placeholder/default/small_image.jpg"}, {"Title": "Tablet Case|INKBOOK|Black|YOGABLACK", "Price": "18,38 \u20ac", "Picture href:": "https://ordi.eu/media/catalog/product/cache/1/small_image/200x/9df78eab33525d08d6e5fb8d27136e95/placeholder/default/small_image.jpg"}, {"Title": "Tablet Case|INKBOOK|Rose|YOGAROSEGOLD", "Price": "18,38 \u20ac", "Picture href:": "https://ordi.eu/media/catalog/product/cache/1/small_image/200x/9df78eab33525d08d6e5fb8d27136e95/placeholder/default/small_image.jpg"}, {"Title": "Tablet Case|POCKETBOOK|6\"|Dark Grey|HN-S...", "Price": "16,14 \u20ac", "Picture href:": "https://ordi.eu/media/catalog/product/cache/1/small_image/200x/9df78eab33525d08d6e5fb8d27136e95/placeholder/default/small_image.jpg"}, {"Title": "Tablet Case|POCKETBOOK|6\"|Light Grey|HN-...", "Price": "16,14 \u20ac", "Picture href:": "https://ordi.eu/media/catalog/product/cache/1/small_image/200x/9df78eab33525d08d6e5fb8d27136e95/placeholder/default/small_image.jpg"}, {"Title": "Tablet Case|POCKETBOOK|7.8\"|Dark Grey|HN...", "Price": "17,93 \u20ac", "Picture href:": "https://ordi.eu/media/catalog/product/cache/1/small_image/200x/9df78eab33525d08d6e5fb8d27136e95/placeholder/default/small_image.jpg"}, {"Title": "Tablet Case|POCKETBOOK|7.8\"|Light Grey|H...", "Price": "17,93 \u20ac", "Picture href:": "https://ordi.eu/media/catalog/product/cache/1/small_image/200x/9df78eab33525d08d6e5fb8d27136e95/placeholder/default/small_image.jpg"}, {"Title": "Tablet Case|POCKETBOOK|Black|HPBPUC-1040...", "Price": "20,42 \u20ac", "Picture href:": "https://ordi.eu/media/catalog/product/cache/1/small_image/200x/9df78eab33525d08d6e5fb8d27136e95/placeholder/default/small_image.jpg"}, {"Title": "Tablet Case|POCKETBOOK|Black|WPUC-740-S-...", "Price": "16,29 \u20ac", "Picture href:": "https://ordi.eu/media/catalog/product/cache/1/small_image/200x/9df78eab33525d08d6e5fb8d27136e95/1/2/1248427-0.jpg"}, {"Title": "TABLET GALAXY P610 10.4\"/64GB WIFI BLUE ...", "Price": "373,46 \u20ac", "Picture href:": "https://ordi.eu/media/catalog/product/cache/1/small_image/200x/9df78eab33525d08d6e5fb8d27136e95/1/3/1327513.jpg"}, {"Title": "TABLET GALAXY P610 10.4\"/64GB WIFI GRAY ...", "Price": "373,46 \u20ac", "Picture href:": "https://ordi.eu/media/catalog/product/cache/1/small_image/200x/9df78eab33525d08d6e5fb8d27136e95/1/3/1327515.jpg"}, {"Title": "TABLET GALAXY P615 10.4\"/64GB LTE BLUE P...", "Price": "440,50 \u20ac", "Picture href:": "https://ordi.eu/media/catalog/product/cache/1/small_image/200x/9df78eab33525d08d6e5fb8d27136e95/placeholder/default/small_image.jpg"}, {"Title": "TABLET GALAXY P615 10.4\"/64GB LTE GRAY P...", "Price": "440,50 \u20ac", "Picture href:": "https://ordi.eu/media/catalog/product/cache/1/small_image/200x/9df78eab33525d08d6e5fb8d27136e95/placeholder/default/small_image.jpg"}, {"Title": "TABLET GALAXY P615 10.4\"/64GB LTE GRAY P...", "Price": "440,50 \u20ac", "Picture href:": "https://ordi.eu/media/catalog/product/cache/1/small_image/200x/9df78eab33525d08d6e5fb8d27136e95/1/3/1327580.jpg"}, {"Title": "TABLET GALAXY SM-T290 8\" 32GB/WI-FI BLAC...", "Price": "149,11 \u20ac", "Picture href:": "https://ordi.eu/media/catalog/product/cache/1/small_image/200x/9df78eab33525d08d6e5fb8d27136e95/1/3/1321946.jpg"}, {"Title": "TABLET GALAXY SM-T290 8\" 32GB/WI-FI SILV...", "Price": "149,11 \u20ac", "Picture href:": "https://ordi.eu/media/catalog/product/cache/1/small_image/200x/9df78eab33525d08d6e5fb8d27136e95/1/3/1315878.jpg"}, {"Title": "TABLET GALAXY SM-T290 8\" 32GB/WI-FI SILV...", "Price": "149,11 \u20ac", "Picture href:": "https://ordi.eu/media/catalog/product/cache/1/small_image/200x/9df78eab33525d08d6e5fb8d27136e95/placeholder/default/small_image.jpg"}, {"Title": "TABLET GALAXY SM-T295 8\" 32GB/LTE BLACK ...", "Price": "161,42 \u20ac", "Picture href:": "https://ordi.eu/media/catalog/product/cache/1/small_image/200x/9df78eab33525d08d6e5fb8d27136e95/1/3/1310979.jpg"}, {"Title": "TABLET GALAXY SM-T295 8\" 32GB/LTE SILVER...", "Price": "161,42 \u20ac", "Picture href:": "https://ordi.eu/media/catalog/product/cache/1/small_image/200x/9df78eab33525d08d6e5fb8d27136e95/placeholder/default/small_image.jpg"}, {"Title": "TABLET GALAXY SM-T505 10.4\"/32GB LTE SIL...", "Price": "280,44 \u20ac", "Picture href:": "https://ordi.eu/media/catalog/product/cache/1/small_image/200x/9df78eab33525d08d6e5fb8d27136e95/placeholder/default/small_image.jpg"}, {"Title": "TABLET IPAD PRO 12.9\" 128GB/WI-FI+4G SIL...", "Price": "1 272,24 \u20ac", "Picture href:": "https://ordi.eu/media/catalog/product/cache/1/small_image/200x/9df78eab33525d08d6e5fb8d27136e95/placeholder/default/small_image.jpg"}, {"Title": "TABLET MATEPAD T8 8\" LTE 32GB/DEEP SEA B...", "Price": "164,16 \u20ac", "Picture href:": "https://ordi.eu/media/catalog/product/cache/1/small_image/200x/9df78eab33525d08d6e5fb8d27136e95/placeholder/default/small_image.jpg"}, {"Title": "TABLET MEDIAPAD T10S 10\" WIFI/32GB BLUE ...", "Price": "171,00 \u20ac", "Picture href:": "https://ordi.eu/media/catalog/product/cache/1/small_image/200x/9df78eab33525d08d6e5fb8d27136e95/1/3/1325888.jpg"}, {"Title": "TABLET MEDIAPAD T3 10\" LTE/16GB GOLD 530...", "Price": "164,16 \u20ac", "Picture href:": "https://ordi.eu/media/catalog/product/cache/1/small_image/200x/9df78eab33525d08d6e5fb8d27136e95/placeholder/default/small_image.jpg"}, {"Title": "TABLET MEDIAPAD T3 10\" WIFI/16GB 53011EV...", "Price": "143,64 \u20ac", "Picture href:": "https://ordi.eu/media/catalog/product/cache/1/small_image/200x/9df78eab33525d08d6e5fb8d27136e95/placeholder/default/small_image.jpg"}, {"Title": "TABLET MEDIAPAD T3 10\" WIFI/32GB 53010NX...", "Price": "157,32 \u20ac", "Picture href:": "https://ordi.eu/media/catalog/product/cache/1/small_image/200x/9df78eab33525d08d6e5fb8d27136e95/1/3/1302601_1.jpg"}, {"Title": "TABLET MEDIAPAD T5 10\" WIFI/32GB BLACK 5...", "Price": "184,68 \u20ac", "Picture href:": "https://ordi.eu/media/catalog/product/cache/1/small_image/200x/9df78eab33525d08d6e5fb8d27136e95/1/3/1327926.jpg"}, {"Title": "TABLET MEDIAPAD T5 LTE 10\"/32GB BLACK 53...", "Price": "212,04 \u20ac", "Picture href:": "https://ordi.eu/media/catalog/product/cache/1/small_image/200x/9df78eab33525d08d6e5fb8d27136e95/placeholder/default/small_image.jpg"}, {"Title": "TABLET MEDIAPAD T5 LTE 10\"/64GB 53010NXP...", "Price": "246,24 \u20ac", "Picture href:": "https://ordi.eu/media/catalog/product/cache/1/small_image/200x/9df78eab33525d08d6e5fb8d27136e95/placeholder/default/small_image.jpg"}, {"Title": "TABLET STYLUS PEN BLACK/17741 TRUST", "Price": "7,24 \u20ac", "Picture href:": "https://ordi.eu/media/catalog/product/cache/1/small_image/200x/9df78eab33525d08d6e5fb8d27136e95/1/1/1130797.jpg"}, {"Title": "TABLET SURFACE GO 2 10\" 128GB/STQ-00016 ...", "Price": "673,06 \u20ac", "Picture href:": "https://ordi.eu/media/catalog/product/cache/1/small_image/200x/9df78eab33525d08d6e5fb8d27136e95/placeholder/default/small_image.jpg"}, {"Title": "TABLET SURFACE PRO7 12\" 128GB/VDV-00019 ...", "Price": "1 134,07 \u20ac", "Picture href:": "https://ordi.eu/media/catalog/product/cache/1/small_image/200x/9df78eab33525d08d6e5fb8d27136e95/placeholder/default/small_image.jpg"}, {"Title": "TABLET SURFACE PRO7 12\" 256GB/PUV-00036 ...", "Price": "1 467,86 \u20ac", "Picture href:": "https://ordi.eu/media/catalog/product/cache/1/small_image/200x/9df78eab33525d08d6e5fb8d27136e95/placeholder/default/small_image.jpg"}, {"Title": "TABLET SURFACE PRO7 12\" 256GB/PUV-00037 ...", "Price": "1 469,23 \u20ac", "Picture href:": "https://ordi.eu/media/catalog/product/cache/1/small_image/200x/9df78eab33525d08d6e5fb8d27136e95/placeholder/default/small_image.jpg"}, {"Title": "TABLET SURFACE PRO7 12\" 256GB/PUW-00003 ...", "Price": "1 689,48 \u20ac", "Picture href:": "https://ordi.eu/media/catalog/product/cache/1/small_image/200x/9df78eab33525d08d6e5fb8d27136e95/1/2/1280663.jpg"}, {"Title": "TABLET SURFACE PRO7 12\" 256GB/VNX-00018 ...", "Price": "1 777,03 \u20ac", "Picture href:": "https://ordi.eu/media/catalog/product/cache/1/small_image/200x/9df78eab33525d08d6e5fb8d27136e95/1/2/1280680.jpg"}, {"Title": "TABLET SURFACE PRO7 12\" 256GB/VNX-00034 ...", "Price": "1 777,03 \u20ac", "Picture href:": "https://ordi.eu/media/catalog/product/cache/1/small_image/200x/9df78eab33525d08d6e5fb8d27136e95/placeholder/default/small_image.jpg"}, {"Title": "TABLET TAB M10 TB-X306F 10\"/64GB GREY ZA...", "Price": "192,89 \u20ac", "Picture href:": "https://ordi.eu/media/catalog/product/cache/1/small_image/200x/9df78eab33525d08d6e5fb8d27136e95/1/3/1328098.jpg"}, {"Title": "TABLET TAB M10 TB-X306F 10\"/64GB GREY ZA...", "Price": "192,89 \u20ac", "Picture href:": "https://ordi.eu/media/catalog/product/cache/1/small_image/200x/9df78eab33525d08d6e5fb8d27136e95/1/3/1328099.jpg"}, {"Title": "TABLET TAB M10 TB-X306X 10\"/64GB GREY ZA...", "Price": "217,51 \u20ac", "Picture href:": "https://ordi.eu/media/catalog/product/cache/1/small_image/200x/9df78eab33525d08d6e5fb8d27136e95/1/3/1328102.jpg"}, {"Title": "TABLET TAB M10+ TB-X606F 10\"/64GB GREY Z...", "Price": "217,51 \u20ac", "Picture href:": "https://ordi.eu/media/catalog/product/cache/1/small_image/200x/9df78eab33525d08d6e5fb8d27136e95/1/3/1328105.jpg"}, {"Title": "TABLET TAB M10+ TB-X606X 10\"/128GB GREY ...", "Price": "269,50 \u20ac", "Picture href:": "https://ordi.eu/media/catalog/product/cache/1/small_image/200x/9df78eab33525d08d6e5fb8d27136e95/1/3/1328101.jpg"}, {"Title": "TABLET TAB8 10\" 64GB LTE/TAB8 GOLD BLACK...", "Price": "171,00 \u20ac", "Picture href:": "https://ordi.eu/media/catalog/product/cache/1/small_image/200x/9df78eab33525d08d6e5fb8d27136e95/placeholder/default/small_image.jpg"}, {"Title": "Tahvelarvuti kaaned 7'' nahk", "Price": "2,00 \u20ac", "Picture href:": "https://ordi.eu/media/catalog/product/cache/1/small_image/200x/9df78eab33525d08d6e5fb8d27136e95/4/_/4.20160122114218.jpg"}, {"Title": "Tahvelarvuti kinnitus Car 2", "Price": "3,00 \u20ac", "Picture href:": "https://ordi.eu/media/catalog/product/cache/1/small_image/200x/9df78eab33525d08d6e5fb8d27136e95/6/e/6ec6d6a2e9285420ac379150c7a2212e.jpg"}, {"Title": "TARGUS 2-in-1 Pen Stylus For All Touch", "Price": "11,81 \u20ac", "Picture href:": "https://ordi.eu/media/catalog/product/cache/1/small_image/200x/9df78eab33525d08d6e5fb8d27136e95/A/L/AL-2356716.jpg"}, {"Title": "TARGUS CleanVu Cleaning Pads 1 pcs.", "Price": "5,11 \u20ac", "Picture href:": "https://ordi.eu/media/catalog/product/cache/1/small_image/200x/9df78eab33525d08d6e5fb8d27136e95/A/L/AL-1646428.jpg"}, {"Title": "TARGUS Fit N Grip 9-10.5inch Rotating", "Price": "23,68 \u20ac", "Picture href:": "https://ordi.eu/media/catalog/product/cache/1/small_image/200x/9df78eab33525d08d6e5fb8d27136e95/A/L/AL-3582997.jpg"}, {"Title": "TARGUS Pro-Tek 9-10.5inch Rotating", "Price": "23,33 \u20ac", "Picture href:": "https://ordi.eu/media/catalog/product/cache/1/small_image/200x/9df78eab33525d08d6e5fb8d27136e95/A/L/AL-3582996.jpg"}, {"Title": "TARGUS Pro-Tek case Black", "Price": "35,35 \u20ac", "Picture href:": "https://ordi.eu/media/catalog/product/cache/1/small_image/200x/9df78eab33525d08d6e5fb8d27136e95/A/C/AC-241295.jpg"}, {"Title": "TARGUS SafeFit 7-8.5inch Rotating", "Price": "15,78 \u20ac", "Picture href:": "https://ordi.eu/media/catalog/product/cache/1/small_image/200x/9df78eab33525d08d6e5fb8d27136e95/A/L/AL-3582994.jpg"}, {"Title": "TARGUS Stylus for tablet Black", "Price": "7,49 \u20ac", "Picture href:": "https://ordi.eu/media/catalog/product/cache/1/small_image/200x/9df78eab33525d08d6e5fb8d27136e95/A/L/AL-1713558.jpg"}, {"Title": "TECHLY 021666 Techly Air duster 400 ml", "Price": "7,78 \u20ac", "Picture href:": "https://ordi.eu/media/catalog/product/cache/1/small_image/200x/9df78eab33525d08d6e5fb8d27136e95/placeholder/default/small_image.jpg"}, {"Title": "TECHLY 022182 Techly Car USB charger 5V", "Price": "24,34 \u20ac", "Picture href:": "https://ordi.eu/media/catalog/product/cache/1/small_image/200x/9df78eab33525d08d6e5fb8d27136e95/placeholder/default/small_image.jpg"}, {"Title": "TECHLY 022298 Techly Smartphone / GPS ma", "Price": "10,51 \u20ac", "Picture href:": "https://ordi.eu/media/catalog/product/cache/1/small_image/200x/9df78eab33525d08d6e5fb8d27136e95/placeholder/default/small_image.jpg"}, {"Title": "TECHLY 022373 Techly Slim USB charger 5V", "Price": "19,87 \u20ac", "Picture href:": "https://ordi.eu/media/catalog/product/cache/1/small_image/200x/9df78eab33525d08d6e5fb8d27136e95/placeholder/default/small_image.jpg"}, {"Title": "TECHLY 023455 Techly Multi-purpose foamy", "Price": "9,79 \u20ac", "Picture href:": "https://ordi.eu/media/catalog/product/cache/1/small_image/200x/9df78eab33525d08d6e5fb8d27136e95/placeholder/default/small_image.jpg"}, {"Title": "TECHLY 026197 Techly Uniwersal floor sta", "Price": "227,23 \u20ac", "Picture href:": "https://ordi.eu/media/catalog/product/cache/1/small_image/200x/9df78eab33525d08d6e5fb8d27136e95/placeholder/default/small_image.jpg"}, {"Title": "TECHLY 026371 Techly Desk/wall support a", "Price": "85,39 \u20ac", "Picture href:": "https://ordi.eu/media/catalog/product/cache/1/small_image/200x/9df78eab33525d08d6e5fb8d27136e95/placeholder/default/small_image.jpg"}, {"Title": "TECHLY 028603 Techly Smartphone GPS hold", "Price": "7,20 \u20ac", "Picture href:": "https://ordi.eu/media/catalog/product/cache/1/small_image/200x/9df78eab33525d08d6e5fb8d27136e95/placeholder/default/small_image.jpg"}, {"Title": "TECHLY 028610 Techly Universal car winds", "Price": "13,82 \u20ac", "Picture href:": "https://ordi.eu/media/catalog/product/cache/1/small_image/200x/9df78eab33525d08d6e5fb8d27136e95/placeholder/default/small_image.jpg"}, {"Title": "TECHLY 100044 Techly Slim USB charger 23", "Price": "9,36 \u20ac", "Picture href:": "https://ordi.eu/media/catalog/product/cache/1/small_image/200x/9df78eab33525d08d6e5fb8d27136e95/placeholder/default/small_image.jpg"}, {"Title": "TECHLY 100051 Techly Slim USB charger 23", "Price": "9,65 \u20ac", "Picture href:": "https://ordi.eu/media/catalog/product/cache/1/small_image/200x/9df78eab33525d08d6e5fb8d27136e95/placeholder/default/small_image.jpg"}, {"Title": "TECHLY 100747 Techly Slim USB charger 23", "Price": "9,36 \u20ac", "Picture href:": "https://ordi.eu/media/catalog/product/cache/1/small_image/200x/9df78eab33525d08d6e5fb8d27136e95/A/L/AL-3644491.jpg"}, {"Title": "TECHLY 101485 Techly Universal projector", "Price": "149,90 \u20ac", "Picture href:": "https://ordi.eu/media/catalog/product/cache/1/small_image/200x/9df78eab33525d08d6e5fb8d27136e95/placeholder/default/small_image.jpg"}, {"Title": "TECHLY 102833 Techly Universal presentat", "Price": "303,70 \u20ac", "Picture href:": "https://ordi.eu/media/catalog/product/cache/1/small_image/200x/9df78eab33525d08d6e5fb8d27136e95/placeholder/default/small_image.jpg"}, {"Title": "TECHLY 102932 Techly Two ports USB charg", "Price": "13,25 \u20ac", "Picture href:": "https://ordi.eu/media/catalog/product/cache/1/small_image/200x/9df78eab33525d08d6e5fb8d27136e95/A/L/AL-3644521.jpg"}, {"Title": "TECHLY 105773 Techly Universal presentat", "Price": "113,33 \u20ac", "Picture href:": "https://ordi.eu/media/catalog/product/cache/1/small_image/200x/9df78eab33525d08d6e5fb8d27136e95/A/L/AL-3644659.jpg"}, {"Title": "TECHLY 106060 Techly Notebook security c", "Price": "10,22 \u20ac", "Picture href:": "https://ordi.eu/media/catalog/product/cache/1/small_image/200x/9df78eab33525d08d6e5fb8d27136e95/A/L/AL-3644673.jpg"}, {"Title": "TECHLY 106244 Techly Notebook computer c", "Price": "24,91 \u20ac", "Picture href:": "https://ordi.eu/media/catalog/product/cache/1/small_image/200x/9df78eab33525d08d6e5fb8d27136e95/A/L/AL-3644727.jpg"}, {"Title": "TECHLY 106817 Techly Universal desk supp", "Price": "47,23 \u20ac", "Picture href:": "https://ordi.eu/media/catalog/product/cache/1/small_image/200x/9df78eab33525d08d6e5fb8d27136e95/A/L/AL-3644698.jpg"}, {"Title": "TECHLY 107289 Techly Keyed notebook secu", "Price": "40,18 \u20ac", "Picture href:": "https://ordi.eu/media/catalog/product/cache/1/small_image/200x/9df78eab33525d08d6e5fb8d27136e95/A/L/AL-3644696.jpg"}, {"Title": "TECHLY 108798 Techly Automatic car smart", "Price": "85,25 \u20ac", "Picture href:": "https://ordi.eu/media/catalog/product/cache/1/small_image/200x/9df78eab33525d08d6e5fb8d27136e95/A/L/AL-3745138.jpg"}, {"Title": "TECHLY 301009 Techly Car windscreen moun", "Price": "27,65 \u20ac", "Picture href:": "https://ordi.eu/media/catalog/product/cache/1/small_image/200x/9df78eab33525d08d6e5fb8d27136e95/A/L/AL-3644035.jpg"}, {"Title": "TECHLY 301047 Techly Car micro-USB charg", "Price": "8,21 \u20ac", "Picture href:": "https://ordi.eu/media/catalog/product/cache/1/small_image/200x/9df78eab33525d08d6e5fb8d27136e95/placeholder/default/small_image.jpg"}, {"Title": "TECHLY 305113 Techly USB 2.0 cable for S", "Price": "8,06 \u20ac", "Picture href:": "https://ordi.eu/media/catalog/product/cache/1/small_image/200x/9df78eab33525d08d6e5fb8d27136e95/placeholder/default/small_image.jpg"}, {"Title": "TECHLY 305298 Techly Car USB charger 5V", "Price": "10,80 \u20ac", "Picture href:": "https://ordi.eu/media/catalog/product/cache/1/small_image/200x/9df78eab33525d08d6e5fb8d27136e95/placeholder/default/small_image.jpg"}, {"Title": "TECHLY 309593 Techly Universal projector", "Price": "137,52 \u20ac", "Picture href:": "https://ordi.eu/media/catalog/product/cache/1/small_image/200x/9df78eab33525d08d6e5fb8d27136e95/placeholder/default/small_image.jpg"}, {"Title": "TECHLY 942709 Techly Power plug adapter", "Price": "7,92 \u20ac", "Picture href:": "https://ordi.eu/media/catalog/product/cache/1/small_image/200x/9df78eab33525d08d6e5fb8d27136e95/placeholder/default/small_image.jpg"}, {"Title": "Trust Urban Aexxo Folio 10.1''", "Price": "15,00 \u20ac", "Picture href:": "https://ordi.eu/media/catalog/product/cache/1/small_image/200x/9df78eab33525d08d6e5fb8d27136e95/9/0/9040-1686.jpg"}, {"Title": "UNITEK Y-9313 Unitek USB3.0 to Multi-In-", "Price": "6,05 \u20ac", "Picture href:": "https://ordi.eu/media/catalog/product/cache/1/small_image/200x/9df78eab33525d08d6e5fb8d27136e95/placeholder/default/small_image.jpg"}, {"Title": "UNITEK Y-9313D Unitek USB3.0 to Multi-In", "Price": "23,33 \u20ac", "Picture href:": "https://ordi.eu/media/catalog/product/cache/1/small_image/200x/9df78eab33525d08d6e5fb8d27136e95/placeholder/default/small_image.jpg"}, {"Title": "UNITEK Y-9321 Unitek USB3.0 to microSD/S", "Price": "14,11 \u20ac", "Picture href:": "https://ordi.eu/media/catalog/product/cache/1/small_image/200x/9df78eab33525d08d6e5fb8d27136e95/placeholder/default/small_image.jpg"}, {"Title": "ZAGG Invisible Shield - Apple iPad Air S", "Price": "18,56 \u20ac", "Picture href:": "https://ordi.eu/media/catalog/product/cache/1/small_image/200x/9df78eab33525d08d6e5fb8d27136e95/placeholder/default/small_image.jpg"}, {"Title": "ZAGG Invisibleshield Glass+ - 10.5-inch", "Price": "33,62 \u20ac", "Picture href:": "https://ordi.eu/media/catalog/product/cache/1/small_image/200x/9df78eab33525d08d6e5fb8d27136e95/placeholder/default/small_image.jpg"}, {"Title": "ZAGG KB Slim Book Go Apple iPad 10.2in", "Price": "87,41 \u20ac", "Picture href:": "https://ordi.eu/media/catalog/product/cache/1/small_image/200x/9df78eab33525d08d6e5fb8d27136e95/placeholder/default/small_image.jpg"}]